Country,Population,Land Area,Continent,Image,Capital City,Borders,CCP,Territory,Anthem
Afghanistan,38.928.346,652.860,Asia,Afghanistan.png,Kabul,China. Iran. Pakistan. Tajikistan. Turkmenistan. Uzbekistan,	4.601.789,Afghanistan.png,This Is the Home of the Brave
Albania,2.877.797,27.400,Europe,Albania.png,Tirana,Greece. North Macedonia. Montenegro,418.495,Albania.png,The Pledge on the Flag
Algeria,43.851.044,2.381.740,Africa,Algeria.png,Algiers,Libya. Mali. Mauritania. Morocco. Niger. Tunisia,2.712.944,Algeria.png,We Pledge
Andorra,77.265,470,Europe,Andorra.png,Andorra La Vella,France. Spain,22.886,Andorra.png,The Great Charlemagne
Angola,32.866.272,1.246.700,Africa,Angola.png,Luanda,Democratic Republic of the Congo. Namibia. Zambia. Republic of the Congo,	2.571.861,Angola.png,Onward Angola
Antigua and Barbuda,97.929,440,North America,Antigua and Barbuda.png,Saint John's,(Its an island),81.799,Antigua and Barbuda.png,Fair Antigua, We Salute Thee
Argentina,45.195.774,2.736.690,South America,Argentina.png,Buenos Aires,Bolivia. Brazil. Chile. Paraguay. Uruguay,2.891.082,Argentina.png,Argentine National Anthem
Armenia,2.963.243,28.470,Asia,Armenia.png,Yerevan,Azerbaijan. Georgia. Iran. Turkey,	1.076.716,Armenia.png,Our Fatherland
Australia,25.499.884,7.682.300,Oceania,Australia.png,Canberra,(Its an island),411.667,Australia.png,Advance Australia Fair
Austria,9.006.398,82.409,Europe,Austria.png,Vienna,Czech Republic. Germany. Hungary. Italy. Liechtenstein. Slovakia. Slovenia. Switzerland,1.911.191,Austria.png,Land of the mountains land by the river
Azerbaijan,10.139.177,82.658,Asia,Azerbaijan.png,Baku,Armenia. Georgia. Iran. Russia. Turkey,	2.293.100,Azerbaijan.png,March of Azerbaijan
Bahamas,393.244,10.010,North America,Bahamas.png,Nassau,(Its an island),274.400,Bahamas.png,March On Bahamaland
Bahrain,1.701.575,760,Asia,Bahrain.png,Manama,(Its an island),157.474,Bahrain.png,Our Bahrain
Bangladesh,164.689.383,130.170,Asia,Bangladesh.png,Dhaka,India. Myanmar,8.906.035,Bangladesh.png,My Golden Bengal
Barbados,287.375,430,North America,Barbados.png,Bridgetown,(Its an island),110.000,Barbados.png,In Plenty and In Time of Need
Belarus,9.449.323,202.910,Europe,Belarus.png,Minsk,Latvia. Lithuania. Poland. Russia. Ukraine,2.009.786,Belarus.png,We the Belarusians
Belgium,11.589.623,30.280,Europe,Belgium.png,Brussels,France. Germany. Luxembourg. Netherlands,1.175.173,Belgium.png,The Brabantian
Belize,397.628,22.810,North America,Belize.png,Belmopan,Guatemala. Mexico,16.451,Belize.png,Land of the Free
Benin,12.123.200,112.760,Africa,Benin.png,Port-Novo,Burkina Faso. Niger. Nigeria. Togo,264.320,Benin.png,The Dawn of a New Day
Bhutan,771.608,38.117,Asia,Bhutan.png,Thimphu,China. India,114.551,Bhutan.png,The Thunder Dragon Kingdom
Bolivia,11.673.021,1.083.300,South America,Bolivia.png,La Paz,Argentina. Brazil. Chile. Paraguay. Peru,300.000,Bolivia.png,Bolivians a Propitious Fate
Bosnia and Herzegovina,3.280.819,51.000,Europe,Bosnia and Herzegovina.png,Sarajevo,Croatia. Montenegro. Serbia,275.524,Bosnia and Herzegovina.png,The National Anthem of Bosnia and Herzegovina
Botswana,2.351.627,566.730,Africa,Botswana.png,Gaborone,Namibia. South Africa. Zambia. Zimbabwe,231.592,Botswana.png,Blessed Be This Noble Land
Brazil,212.559.417,8.358.140,South America,Brazil.png,Brasilia,Argentina. Bolivia. Colombia. Guyana. Paraguay. Peru. Suriname. Uruguay. Venezuela,2.912.090,Brazil.png,Brazilian National Anthem
Brunei,437.479,5.270,Asia,Brunei.png,Bandar Seri Begawan, Malaysia,50.000,Brunei.png,God Bless the Sultan
Bulgaria,6.948.445,108.560,Europe,Bulgaria.png,Sofia,Greece. North Macedonia. Romania. Serbia. Turkey,1.241.675,Bulgaria.png,Dear Motherland
Burkina Faso,20.903.273,273.600,Africa,Burkina Faso.png,Ouagadougou,Benin. IvoryCoast. Ghana. Mali. Niger. Togo,2.453.496,Burkina Faso.png,One Single Night
Burundi,11.890.784,25.680,Africa,Burundi.png,Gitega,Democratic Republic of the Congo. Rwanda. Tanzania,497.166,Burundi.png,Our Burundi
IvoryCoast,26.378.274,318.000,Africa,IvoryCoast.png,Yamoussoukro,Burkina Faso. Ghana. Guinea. Liberia. Mali,281.735,IvoryCoast.png,Song of Abidjan
Cape Verde,555.987,4.030,Africa,Cape Verde.png,Praia,(Its an island),130.271,Cape Verde.png,Song of Freedom
Cambodia,16.718.965,176.520,Asia,Cambodia.png,Phnom penh,Laos. Thailand. Vietnam,2.281.951,Cambodia.png,Royal Kingdom
Cameroon,26.545.863,472.710,Africa,Cameroon.png,Yaounde,CAR. Chad. Republic of the Congo. Equatorial Guinea. Gabon. Nigeria,2.765.600,Cameroon.png,O Cameroon, Cradle of Our Forefathers
Canada,37.742.154,9.093.510,North America,Canada.png,Ottawa,USA,1.028.514,Canada.png,O Canada
CAR,4.829.767,622.980,Africa,CAR.png,Bangui,Cameroon. Chad. Democratic Repuclic of the Congo. Republic of the Congo. South Sudan. Sudan,889.231,CAR.png,The Rebirth
Chad,16.425.864,1.259.200,Africa,Chad.png,N'Djamena,Cameroon. CAR. Libya. Niger. Nigeria. Sudan,1.092.066,Chad.png,People of Chad
Chile,19.116.201,743.532,South America,Chile.png,Santiago,Argentina. Bolivia. Peru,6.269.384,Chile.png,How pure, Chile, is your blue sky
China,1.439.323.776,9.388.211,Asia,China.png,Beijing,Afghanistan. Bhutan. India. Kazakhstan. North Korea. Kyrgyzstan. Laos. Mongolia. Myanmar. Nepal. Pakistan. Russia. Tajikistan. Vietnam,21.893.095,China.png,March of the Volunteers
Colombia,50.882.891,1.109.500,South America,Colombia.png,Bogota, Brazil. Ecuador. Panama. Peru. Venezuela,7.412.566,Colombia.png,National Anthem of the Republic of Colombia
Comoros,869.601,1.861,Africa,Comoros.png,Moroni,(Its an island),54.000,Comoros.png,The Union of the Great Islands
Republic of the Congo,5.518.087,341.500,Africa,Republic of the Congo.png,Brazzaville,Angola. Cameroon. CAR. Democratic Republic of the Congo. Gabon,2.308.000,Republic of the Congo.png,The Congolese
Costa Rica,5.094.118,51.060,North America,Costa Rica.png,San Jose,Nicaragua. Panama,347.398,Costa Rica.png,Noble fatherland your beautiful flag
Croatia,4.105.267,55.960,Europe,Croatia.png,Zagreb,Bosnia and Herzegovina. Hungary. Montenegro. Serbia. Slovenia,792.875,Croatia.png,Our Beautiful Homeland
Cuba,11.326.616,106.440,North America,Cuba.png,Havana,(Its an island),2.131.937,Cuba.png,The Anthem of Bayamo
Cyprus,1.207.359,9.240,Europe,Cyprus.png,Nicosia,(Its an island),116.392,Cyprus.png,Hymn to Liberty
Czech Republic,10.708.981,77.240,Europe,Czech Republic.png,Prague,Austria. Germany. Poland. Slovakia,	1.301.132,Czech Republic.png,Where My Home is
DRC,89.561.403,2.267.050,Africa,DRC.png,Kinshasa,Angola. Burundi. CAR. Republic of the Congo. Rwanda. South Sudan. Tanzania. Uganda. Zambia,14.970.000,DRC.png,Arise Congolese
Denmark,5.792.202,42.430,Europe,Denmark.png,Copenhagen,Germany,616.098,Denmark.png,There is a lovely country
Djibouti,988.000,23.180,Africa,Djibouti.png,Djibouti,Eritrea. Ethiopia,219.000,Djibouti.png,Djibouti
Dominica,71.986,750,South America,Dominica.png,Roseau,(Its an island),16.582,Dominica.png,Isle of Beauty, Isle of Splendour
Dominican Republic,10.847.910,48.320,North America,Dominican Republic.png,Santo Domingo,Haiti,965.040,Dominican Republic.png,National Anthem
Ecuador,17.643.054,248.360,South America,Ecuador.png,Quito,Colombia. Peru,2.011.388,Ecuador.png,We Salute You, Our Homeland
Egypt,102.334.404,995.450,Africa,Egypt.png,Cairo,State of Palestine. Israel. Libya. Sudan,9.539.673,Egypt.png,My Country My Country ,My Country
El Salvador,6.486.205,20.720,North America,El Salvador.png,San Salvador,Guatemala. Honduras,238.244,El Salvador.png,National Anthem of El Salvador
Equatorial Guinea,1.402.985,28.050,Africa,Equatorial Guinea.png,Malabo, Cameroon. Gabon,187.302,Equatorial Guinea.png,Let Us Tread the Path of our Immense Happiness
Eritrea,3.546.421,101.000,Africa,Eritrea.png,Asmara,Djibouti. Ethiopia. Sudan,963.000,Eritrea.png,Eritrea Eritrea Eritrea
Estonia,1.326.535,42.390,Europe,Estonia.png,Tallinn,Latvia. Russia,430.805,Estonia.png,My Fatherland My Happiness and Joy
Eswatini,1.160.164,17.200,Africa,Eswatini.png,Mbabana,Mozambique. South Africa,94.874,Eswatini.png,O Lord our God of the Swazi
Ethiopia,114.963.588,1.000.000,Africa,Ethiopia.png,Addis Ababa, Djibouti. Eritrea. Kenya. Somalia. South Sudan. Sudan,3.352.000,Ethiopia.png,March Forward Dear Mother Ethiopia
Fiji,896.445,18.270,Oceania,Fiji.png,Suva,(Its an island),88.271,Fiji.png,God Bless Fiji
Finland,5.540.720,303.890,Europe,Finland.png,Helsinki, Norway. Sweden. Russia,645.657,Finland.png,Our Land
France,65.273.511,547.557,Europe,France.png,Paris, Andorra. Belgium. Germany. Italy. Luxembourg. Monaco. Spain. Switzerland,2.206.488,France.png,The Marseillaise
Gabon,2.225.734,257.670,Africa,Gabon.png,Libreville,Cameroon. Republic of the Congo. Equatorial Guinea,703.904,Gabon.png,The Concorde
Gambia,2.416.668,10.120,Africa,Gambia.png,Banjul,Senegal,31.301,Gambia.png,For The Gambia Our Homeland
Georgia,3.989.167,69.490,Asia,Georgia.png,Tbilisi,Armenia. Azerbaijan. Russia. Turkey,1.113.800,Georgia.png,Freedom
Germany,83.783.942,348.560,Europe,Germany.png,Berlin, Austria. Belgium. Czech Republic. Denmark. France. Luxembourg. Netherlands. Poland. Switzerland,3.664.088,Germany.png,Song of the Germnas
Ghana,31.072.940,227.540,Africa,Ghana.png,Accra, Burkina Faso. IvoryCoast. Togo,2.514.000,Ghana.png,God Bless Our Homeland Ghana
Greece,10.423.054,128.900,Europe,Greece.png,Athens,Albania. Bulgaria. North Macedonia. Turkey,664.046,Greece.png,Hymn to Liberty or Hymn to Freedom
Grenada,112.523,340,North America,Grenada.png,Saint George's,(Its an island),33.734,Grenada.png,Hail Grenada
Guatemala,17.915.568,107.160,North America,Guatemala.png,Guatemala City,Belize. El Salvador. Honduras. Mexico,923.392,Guatemala.png,National Anthem of Guatemala
Guinea,13.132.795,245.720,Africa,Guinea.png,Conakry, IvoryCoast. Guinea-Bissau. Liberia. Mali. Senegal. Sierra Leone,1.660.973,Guinea.png,Freedom
Guinea-Bissau,1.968.001,28.120,Africa,Guinea-Bissau.png.Bissau, Guinea. Senegal,395.954,Guinea-Bissau.png,This is Our Beloved Country
Guyana,786.552,196.850,South America,Guyana.png,Georgetown,Brazil. Suriname. Venezuela,131.395,Guyana.png,Dear Land of Guyana of Rivers and Plains
Haiti,11.402.528,27.560,North America,Haiti.png,Port Au Prince, Dominican Republic,987.310,Haiti.png,Song of Dessalines
Honduras,9.904.607,111.890,North America,Honduras.png,Tegucigalpa, Guatemala. El Salvador. Nicaragua,1.157.509,Honduras.png,National Anthem of Honduras
Hungary,9.660.351,90.530,Europe,Hungary.png,Budapest,Austria. Croatia. Romania. Serbia. Slovakia. Slovenia. Ukraine,1.752.286,Hungary.png,Hymn
Iceland,341.243,100.250,Europe,Iceland.png,Reykjavik,(Its an island),	124.644,Iceland.png,Hymn
India,1.380.004.385,2.973.190,Asia,India.png,New Delhi,Bangladesh. Bhutan. China. Myanmar. Nepal. Pakistan,257.803,India.png,Hail the ruler of all minds
Indonesia,273.523.615,1.811.570,Oceania,Indonesia.png,Jakarta,East Timor. Malaysia. Papua New Guinea,10.562.088,Indonesia.png,Great Indonesia
Iran,83.992.949,1.628.550,Asia,Iran.png,Tehran,Afghanistan. Armenia. Azerbaijan. Iraq. Pakistan. Turkey. Turkmenistan,8.846.782,Iran.png,National Anthem of the Islamic Republic of Iran
Iraq,40.222.493,434.320,Asia,Iraq.png,Baghdad, Iran. Jordan. Kuwait. Saudi Arabia. Syria. Turkey,8.126.755,Iraq.png,My Homeland
Ireland,4.937.786,68.890,Europe,Ireland.png,Dublin, UK,553.165,Ireland.png,The Soldiers Song
Israel,8.655.535,21.640,Asia,Israel.png,Jerusalem,Egypt. State of Palestine. Jordan. Lebanon. Syria,891.977,Israel.png,The Hope
Italy,60.461.826,294.140,Europe,Italy.png,Rome,Austria. France. San Marino. Slovenia. Switzerland. Vatican City,2.873.147,Italy.png,The Song of the Italians
Jamaica,2.961.167,10.830,North America,Jamaica.png,Kingston,(Its an island),584.627,Jamaica.png,Jamaica Land We Love
Japan,126.476.461,364.555,Asia,Japan.png,Tokyo,(Its an island),	13.960.236,Japan.png,His Majestys Reign
Jordan,10.203.134,88.780,Asia,Jordan.png,Amman,Iraq. Israel. Saudi Arabia. Syria,	4.302.730,Jordan.png,The Royal Anthem of Jordan
Kazakhstan,18.776.707,2.699.700,Asia,Kazakhstan.png,Astana,China. Kyrgyzstan. Russia. Turkmenistan. Uzbekistan,1.029.556,Kazakhstan.png,My Kazakhstan
Kenya,53.771.296,569.140,Africa,Kenya.png,Nairobi,Ethiopia. Somalia. South Sudan. Tanzania. Uganda,	4.397.073,Kenya.png,Oh God of All Creation
Kiribati,119.449,810,Oceania,Kiribati.png,Tarawa Atoll,(Its an island),56.284,Kiribati.png,Song of Kiribati
Kuwait,4.270.571,17.820,Asia,Kuwait.png,Kuwait City,Iraq. Saudi Arabia,	2.989.000,Kuwait.png,National Anthem
Kyrgyzstan,6.524.195,191.800,Asia,Kyrgyzstan.png,Bishkek,China. Kazakhstan. Tajikistan. Uzbekistan,976.734,Kyrgyzstan.png,National Anthem of the Kyrgyz Republic
Laos,7.275.560,230.800,Asia,Laos.png,Vientiane,Cambodia. China. Myanmar. Thailand. Vietnam,783.000,Laos.png,Hymn of the Lao People
Latvia,1.886.198,62.200,Europe,Latvia.png,Riga,Belarus. Estonia. Lithuania. Russia,632.614,Latvia.png,God Bless Latvia
Lebanon,6.825.445,10.230,Asia,Lebanon.png,Beirut,Israel. Syria,361.366,Lebanon.png,Lebanese National Anthem
Lesotho,2.142.249,30.360,Africa,Lesotho.png,Maseru,South Africa,330.760,Lesotho.png,Lesotho Land of Our Fathers
Liberia,5.057.681,96.320,Africa,Liberia.png,Monrovia,Guinea. IvoryCoast. Sierra Leone,1.010.970,Liberia.png,All Hail Liberia Hail
Libya,6.871.292,1.759.540,Africa,Libya.png,Tripoli,Algeria. Chad. Egypt. Niger. Sudan. Tunisia,1.126.000,Libya.png,Libya Libya Libya
Liechtenstein,38.128,160,Europe,Liechtenstein.png,Vaduz, Austria. Switzerland,5.668,Liechtenstein.png,High of the Young Rhine
Lithuania,2.722.289,62.674,Europe,Lithuania.png,Vilnius,Belarus. Latvia. Poland. Russia,546.382,Lithuania.png,National Song
Luxembourg,625.978,2.590,Europe,Luxembourg.png,Luxembourg,Belgium. France. Germany,119.215,Luxembourg.png,Our Homeland
Madagascar,27.691.018,581.795,Africa,Madagascar.png,Antananarivo,(Its an island),1.274.225,Madagascar.png,Oh Beloved Land of Our Ancestors
Malawi,19.129.952,94.280,Africa,Malawi.png,Lilongwe,Mozambique. Tanzania. Zambia,989.318,Malawi.png,God Bless Malawi
Malaysia,32.365.999,328.550,Asia,Malaysia.png,Kuala Lumpur,Brunei. Indonesia. Thailand,	1.839.451,Malaysia.png,My Country
Maldives,540.544,300,Asia,Maldives.png,Male,(Its an island),221.678,Maldives.png,National Salute
Mali,20.250.833,1.220.190,Africa,Mali.png,Bamako,Algeria. Burkina Faso. IvoryCoast. Guinea. Mauritania. Niger. Senegal,2.713.000,Mali.png,Mali
Malta,441.543,320,Europe,Malta.png,Valletta,(Its an island),5.735,Malta.png,The Maltese Hymn
Marshall Islands,59.190,180,Oceania,Marshall Islands.png,Majuro,(Its an island),27.797,Marshall Islands.png,Forever Marshall Islands
Mauritania,4.649.658,1.030.700,Africa,Mauritania.png,Nouakchott,Algeria. Mali. Senegal,958.399,Mauritania.png,Country of the Proud Guiding Noblemen
Mauritius,1.271.768,2.030,Africa,Mauritius.png,Port Louis,(Its an island),146.737,Mauritius.png,Motherland
Mexico,128.932.753,1.943.950,North America,Mexico.png![](Teritorije/Venezuela.png),Mexico City,Belize. Guatemala. USA,9.209.944,Mexico.png,Mexican National Anthem
Micronesia,548.914,700,Oceania,Micronesia.png,Palikir,(Its an island),6.647,Micronesia.png,Patriots of Micronesia
Moldova,4.033.963,32.850,Europe,Moldova.png,Chisinau,Romania. Ukraine,339.079,Moldova.png,Our Language
Monaco,39.242,1,Europe,Monaco.png,Monaco,France,39.242,Monaco.png,Mon√©gasque Anthem
Mongolia,3.278.290,1.553.560,Asia,Mongolia.png,Ulaanbaatar,China. Russia,	1.515.593,Mongolia.png,National Anthem of Mongolia
Montenegro,628.066,13.450,Europe,Montenegro.png,Podgorica, Albania. Bosnia and Herzegovina. Croatia. Serbia,187.085,Montenegro.png,O Bright Dawn of May
Morocco,36.910.560,446.300,Africa,Morocco.png,Rabat,Algeria. Spain,	573.895,Morocco.png,Cherifian Anthem
Mozambique,31.255.435,786.380,Africa,Mozambique.png,,Maputo,Eswatini. Malawi. South Africa. Tanzania. Zambia. Zimbabwe,1.088.449,Mozambique.png,Beloved Homeland
Myanmar ,54.409.800,653.290,Asia,Myanmar .png,Nay Pyi Taw,Bangladesh. China. India. Laos. Thailand,924.608,Myanmar.png,Till the End of the World
Namibia,2.540.905,823.290,Africa,Namibia.png,Windhoek,Angola. Botswana. South Africa. Zambia,325.858,Namibia.png,Namibia Land of the Brave
Nauru,10.824,20,Oceania,Nauru.png,Yaren,(Its an island),747,Nauru.png,Song of Nauru
Nepal,29.136.808,143.350,Asia,Nepal.png,Kathmandu,China. India,975.543,Nepal.png,Made of Hundreds of Flowers
Netherlands,17.134.872,33.720,Europe,Netherlands.png,Amsterdam,Belgium. Germany,872.680,Netherlands.png,William
New Zealand,4.822.233,263.310,Oceania,New Zealand.png,Wellington,(Its an island),209.000,New Zealand.png,God Defend New Zealand
Nicaragua,6.624.554,120.340,North America,Nicaragua.png,Managua,Costa Rica,	1.033.622,Nicaragua.png,Hail to Thee Nicaragua
Niger,24.206.644,1.266.700,Africa,Niger.png,Niamey,Algeria. Benin. Burkina Faso. Chad. Libya. Mali. Nigeria,1.026.848,Niger.png,The Nigerien
Nigeria,206.139.589,910.770,Africa,Nigeria.png,Abuja,Benin. Cameroon. Chad. Niger,2.750.000,Nigeria.png,Arise O Compatriots
North Korea,25.778.816,120.410,Asia,North Korea.png,Pyongyang,China. South Korea. Russia,	3.222.000,North Korea.png,The Patriotic Song
North Macedonia,2.083.374,25.220,Europe,North Macedonia.png,Skopje,Albania. Bulgaria. Greece. Serbia,546.824,North Macedonia.png,Today Over Macedonia
Norway,5.421.241,365.268,Europe,Norway.png,Oslo,Finland. Sweden. Russia,	681.067,Norway.png,Yes We Love This Country
Oman,5.106.626,309.500,Asia,Oman.png,Muscat,Saudi Arabia. UAE. Yemen,630.000,Oman.png,Sultanic Salute
Pakistan,220.892.340,770.880,Asia,Pakistan.png,Islamabad,Afghanistan. India. Iran. China,1.014.825,Pakistan.png,National Anthem
Palau,18.094,460,Oceania,Palau.png,Melekeok,(Its an island),271,Palau.png,Our Palau
Panama,4.314.767,74.340,South America,Panama.png,Panama City,Colombia. Costa Rica,	481.993,Panama.png,Hymn of the Isthmus
Papua New Guinea,8.947.024,452.860,Oceania,Papua New Guinea.png,Port Moresby,Indonesia,410.954,Papua New Guinea.png,O Arise All You Sons
Paraguay,7.132.538,397.300,South America,Paraguay.png,Asuncion,Argentina. Brazil. Bolivia,525.252,Paraguay.png,Paraguayan National Anthem
Peru,32.971.854,1.280.000,South America,Peru.png,Lima,Bolivia. Brazil. Chile. Colombia. Ecuador,	9.751.717,Peru.png,National Anthem of Peru
Philippines,109.581.078,298.170,Asia,Philippines.png,Manila,(Its an island),	1.846.513,Philippines.png,Chosen Land
Poland,37.846.611,306.230,Europe,Poland.png,Warsaw,Belarus. Czech Republic. Germany. Lithuania. Russia. Slovakia. Ukraine,	1.793.579,Poland.png,Poland is Not Yet Lost
Portugal,10.196.709,91.590,Europe,Portugal.png,Lisbon,Spain,	505.526,Portugal.png,The Portuguese
Qatar,2,881.053,11.610,Asia,Qatar.png,Doha,Saudi Arabia,587.055,Qatar.png,Peace to the Amir
Romania,19.237.691,230.170,Europe,Romania.png,Bucharest,Bulgaria. Hungary. Moldova. Serbia. Ukraine,	1.829.897,Romania.png,Awaken thee Romanian
Russia,145.934.462,16.376.870,Europe,Russia.png,Moscow,Azerbaijan. Belarus. China. Estonia. Finland. Georgia. Kazakhstan. North Korea. Latvia. Lithuania. Mongolia. Norway. Poland. Ukraine,12.506.468,Russia.png,State Hymn of the Russian Federation
Rwanda,12.952.218,24.670,Africa,Rwanda.png,Kigali,Burundi. Democratic Republic of the Congo. Tanzania. Uganda,745.261,Rwanda.png,Beautiful Rwanda
Saint Kitts and Nevis,53.199,260,North America,Saint Kitts and Nevis.png,Basseterre,(Its an island),14.000,Saint Kitts and Nevis.png,O Land of Beauty
Saint Lucia,183.627,610,North America,Saint Lucia.png,Castries,(Its an island),70.000,Saint Lucia.png,Sons and Daughters of Saint Lucia
Saint Vincent and the Grenadines,110.940,390,North America,Saint Vincent and the Grenadines.png,Kingstown,(Its an island),16.500,Saint Vincent and the Grenadines.png,Saint Vincent Land so Beautiful
Samoa,198.414,2.830,Oceania,Samoa.png,Apia,(Its an island),37.391,Samoa.png,The Banner of Freedom
San Marino,33.931,60,Europe,San Marino.png,San Marino,Italy,4.127,San Marino.png,The National Anthem of The Republic
Sao Tome and Principe,219.159,960,Africa,Sao Tome and Principe.png,Sao Tome,(Its an island),56.945,Sao Tome.png,Total Independence
Saudi Arabia,34.813.871,2.149.690,Asia,Saudi Arabia.png,Riyadh,Iraq. Jordan. Kuwait. Oman. Qatar. UAE. Yemen,7.676.654,Saudi Arabia.png,The Royal Salute
Senegal,16.743.927,192.530,Africa,Senegal.png,Dakar,Gambia. Guinea. Guinea-Bissau. Mali. Mauritania,1.146.053,Senegal.png,Strum your Koras Strike the Balafons
Serbia,8.737.371,87.460,Europe,Serbia.png,Belgrade,Bosnia and Herzegovina. Bulgaria. Croatia. Hungary. Montenegro. North Macedonia. Romania,1.378.682,Serbia.png,God of Justice
Seychelles,98.347,460,Africa,Seychelles.png,Victoria,(Its an island),26.450,Seychelles.png,Join Together All Seychellois
Sierra Leone,7.976.983,72.180,Africa,Sierra Leone.png,Freetown,Guinea. Liberia,1.055.964,Sierra Leone.png,High We Exalt Thee Realm of the Free
Singapore,5.850.342,700,Asia,Singapore.png,Singapore,(Its an island),5.850.342,Singapore.png,Onward Singapore
Slovakia,5.459.642,48.088,Europe,Slovakia.png,Bratislava,Austria. Czech Republic. Hungary. Poland. Ukraine,427.744,Slovakia.png,Lightning Over Tatras
Slovenia,2.078.938,20.140,Europe,Slovenia.png,Ljubljana,Austria. Croatia. Italy. Hungary,279.650,Slovenia.png,A Toast
Solomon Islands,686.884,27.990,Oceania,Solomon Islands.png,Honiara,(Its an island),84.520,Solomon Islands.png,God Save Our Solomon Islands
Somalia,15.893.222,627.340,Africa,Somalia.png,Mogadishu,Djibouti. Ethiopia. Kenya,2.388.000,Somalia.png,Praise to the Flag
South Africa,59.308.690,1.213.090,Africa,South Africa.png,Pretoria. (Bloemfontein. Cape Town),Botswana. Eswatini. Lesotho. Mozambique. Namibia. Zimbabwe,741.651,South Africa.png,God Bless Africa
South Korea,51.269.185,97.230,Asia,South Korea.png,Seoul,North Korea,9.733.509,South Korea.png,The Patriotic Song
South Sudan,11.193.725,610.952,Africa,South Sudan.png,Juba,CAR. Democratic Republic of the Congo. Ethiopia. Kenya. Sudan. Uganda,492.970,South Sudan.png,South Sudan Oyee
Spain,46.754.778,498.800,Europe,Spain.png,Madrid,Andorra. France. Gibraltar. Portugal. Morocco,3.223.334,Spain.png,The Royal March
Sri Lanka,21.413.249,62.710,Asia,Sri Lanka.png,Sri Jayawardenapura Kotte,(Its an island),752.993,Sri Lanka.png,Mother Sri Lanka
Sudan,43.849.260,1.765.048,Africa,Sudan.png,Khartoum,CAR. Chad. Egypt. Eritrea. Ethiopia. Libya. South Sudan,639.598,Sudan.png,We Are The Army of God And Our Land
Suriname,586.632,156.000,South America,Suriname.png,Paramaribo,Brazil. Guyana,240.924,Suriname.png,God Be With Our Suriname
Sweden,10.099.265,410.340,Europe,Sweden.png,Stockholm,Finland. Norway,935.619,Sweden.png,Thou Ancient Thou Free
Switzerland,8.654.622,39.516,Europe,Switzerland.png,Bern,Austria. France. Italy. Liechtenstein. Germany,133.883,Switzerland.png,Swiss Psalm
Syria,17.500.658,183.630,Asia,Syria.png,Damascus,Iraq. Israel. Jordan. Lebanon. Turkey,2.354.000,Syria.png,Guardians of the Homeland
Tajikistan,9.537.645,139.960,Asia,Tajikistan.png,Dushanbe,Afghanistan. China. Kyrgyzstan. Uzbekistan,778.500,Tajikistan.png,National Anthem
Tanzania,59.734.218,885.800,Africa,Tanzania.png,Dodoma,Burundi. Democratic Republic of the Congo. Kenya. Malawi. Mozambique. Rwanda. Uganda. Zambia,213.636,Tanzania.png,God Bless Africa
Thailand,69.799.978,510.890,Asia,Thailand.png,Bangkok,Cambodia. Laos. Malaysia. Myanmar,10.539.000,Thailand.png,National Song
East Timor,1.318.445,14.870,Oceania,East Timor.png,Dili,Insonesia,222.323,East Timor.png,Fatherland
Togo,8.278.724,54.390,Africa,Togo.png,Lome,Benin. Burkina Faso. Ghana,837.437,Togo.png,Hail of Thee Land of our Forefathers
Tonga,105.695,720,Oceania,Tonga.png,Nuku'alofa,(Its an island),35.184,Tonga.png,Song of The King of The Tonga Islands
Trinidad and Tobago,1.399.488,5.130,North America,Trinidad and Tobago.png,Port of Spain,(Its an island),165.100,Trinidad and Tobago.png,Forged from the Love of Liberty
Tunisia,11.818.619,155.360,Africa,Tunisia.png,Tunis,Algeria. Libya,1.056.247,Tunisia.png,Defenders of the Homeland
Turkey,84.339.067,769.630,Asia,Turkey.png,Ankara,Armenia. Azerbaijan. Bulgaria. Georgia. Greece. Iran. Iraq. Syria,5.663.322,Turkey.png,The March of Independence
Turkmenistan,6.031.200,469.930,Asia,Turkmenistan.png,Ashgabat,Afghanistan. Iran. Kazakhstan. Uzbekistan,1.031.992,Turkmenistan.png,The State Anthem of Independence and Neutral Turkmenistan
Tuvalu,11.792,30,Oceania,Tuvalu.png,Funafuti,(Its an island),6.025,Tuvalu.png,Tuvalu for the Almighty
Uganda,45.741.007,199.810,Africa,Uganda.png,Kampala, Democratic Republic of the Congo. Kenya. Rwanda. South Sudan. Tanzania,1.507.114,Uganda.png,Oh Uganda Land of Beauty
Ukraine,43.733.762,579.320,Europe,Ukraine.png,Kiev,Belarus. Hungary. Moldova. Poland. Romania. Russia. Slovakia,2.893.215,Ukraine.png,Ukraines Glory Has Not Perished
UAE,9.890.402,83.600,Asia,UAE.png,Abu Dhabi,Oman. Saudi Arabia,1.481.516,UAE.png,Long Live My Homeland
UK,67.886.011,241.930,Europe,UK.png,London,Ireland,8.961.989,UK.png,God Save the King
USA,331.002.651,9.147.420,North America,USA.png,Washington,Canada. Mexico,724.342,USA.png,The Star Spangled Banner
Uruguay,3.473.730,175.020,South America,Uruguay.png,Montevideo,Argentina. Brazil,1.383.135,Uruguay.png,National Anthem
Uzbekistan,33.469.203,425.400,Asia,Uzbekistan.png,Tashkent,Afghanistan. Kazakhstan. Kyrgyzstan. Tajikistan. Turkmenistan,2.571.668,Uzbekistan.png,National Anthem of the Republic of Uzbekistan
Vanuatu,307.145,12.190,Oceania,Vanuatu.png,Port Vila,(Its an island),44.040,Vanuatu.png,We We We
Venezuela,28.435.940,882.050,South America,Venezuela.png,Caracas,Brazil. Colombia. Guyana,2.245.744,Venezuela.png,Glory to the Brave People
Vietnam,97.338.579,310.070,Asia,Vietnam.png,Hanoi,Cambodia. China. Laos,4.678.198,Vietnam.png,Marching Song
Yemen,29.825.964,527.970,Asia,Yemen.png,Sana'a,Oman. Saudi Arabia,2.545.000,Yemen.png,National Anthem of Yemen
Zambia,18.383.955,743.390,Africa,Zambia.png,Lusaka,Angola. Botswana. Democratic Republic of the Congo. Malawi. Mozambique. Namibia. Tanzania. Zimbabwe,1.747.152,Zambia.png,Stand and Sing of Zambia Proud and Free
Zimbabwe,14.862.924,386.850,Africa,Zimbabwe.png,Harrare,Botswana. Mozambique. South Africa. Zambia,3.120.917,Zimbabwe.png,O Lift High the Banner of Zimbabwe
Vatican City,1000,1,Europe,Vatican City.png,Vatican City,Italy,1000,Vatican City.png,Pontifical Anthem and March
Taiwan,23.570.000,36.197,Asia,Taiwan.png,Taipei,(Its an island),2.646.204,Taiwan.png,National Anthem of the Republic of China (Taiwan)